<?xml version="1.0" encoding="UTF-8"?>
<project-private xmlns="http://www.netbeans.org/ns/project-private/1">
    <editor-bookmarks xmlns="http://www.netbeans.org/ns/editor-bookmarks/2" lastBookmarkId="0"/>
    <open-files xmlns="http://www.netbeans.org/ns/projectui-open-files/2">
        <group>
            <file>file:/C:/xampp/htdocs/bus_reservation_app/admin/new_reservation.php</file>
            <file>file:/C:/xampp/htdocs/bus_reservation_app/web_db/new_values.php</file>
            <file>file:/C:/xampp/htdocs/bus_reservation_app/web_db/multi_values.php</file>
            <file>file:/C:/xampp/htdocs/bus_reservation_app/admin/new_payment.php</file>
            <file>file:/C:/xampp/htdocs/bus_reservation_app/prints/print_payment.php</file>
            <file>file:/C:/xampp/htdocs/bus_reservation_app/admin/payment_summary.php</file>
        </group>
    </open-files>
</project-private>
